{"refresh_token":"25.db6e4a0be85df7069b258e5620f20c3a.315360000.1978990865.282335-27545604","expires_in":2592000,"session_key":"9mzdWrhJHMiEgsnMhcPD31Yv5dGpoCGnR31wyg4F0SSFFAByJv+xP3Q\/aHAccVn597z4Ru0jtlRWUMr3mSuRGBHX0iaByQ==","access_token":"24.ad7fc0ecdd5dc0dbfcddd05a71c27325.2592000.1666222865.282335-27545604","scope":"public brain_all_scope brain_mt_texttrans brain_mt_texttrans_with_dict brain_mt_doctrans brain_mt_speechtrans wise_adapt lebo_resource_base lightservice_public hetu_basic lightcms_map_poi kaidian_kaidian ApsMisTest_Test\u6743\u9650 vis-classify_flower lpq_\u5f00\u653e cop_helloScope ApsMis_fangdi_permission smartapp_snsapi_base smartapp_mapp_dev_manage iop_autocar oauth_tp_app smartapp_smart_game_openapi oauth_sessionkey smartapp_swanid_verify smartapp_opensource_openapi smartapp_opensource_recapi fake_face_detect_\u5f00\u653eScope vis-ocr_\u865a\u62df\u4eba\u7269\u52a9\u7406 idl-video_\u865a\u62df\u4eba\u7269\u52a9\u7406 smartapp_component smartapp_search_plugin avatar_video_test b2b_tp_openapi b2b_tp_openapi_online smartapp_gov_aladin_to_xcx","session_secret":"eb499f4ca26c6f8a9d8fc77117a76ab8"}
